timestamp,entry,outcome,gross_pct,net_pct,R,prob
2021-01-31 02:00:00,33789.89,SL,-0.01,-0.012,-1.2,0.6250059604644775
2021-01-31 04:00:00,34055.94,SL,-0.01,-0.012,-1.2,0.7062216401100159
2021-01-31 05:00:00,33788.49,SL,-0.01,-0.012,-1.2,0.7661167979240417
2021-01-31 06:00:00,33683.7,SL,-0.01,-0.012,-1.2,0.6916660666465759
2021-01-31 10:00:00,33687.93,SL,-0.01,-0.012,-1.2,0.6136342287063599
2021-02-08 05:00:00,38718.52,TP,0.02,0.018000000000000002,1.8000000000000003,0.6692939400672913
2021-02-19 19:00:00,55146.04,TP,0.02,0.018000000000000002,1.8000000000000003,0.6150111556053162
2021-02-19 22:00:00,55547.85,TP,0.02,0.018000000000000002,1.8000000000000003,0.6706141829490662
2021-02-20 00:00:00,56352.23,SL,-0.01,-0.012,-1.2,0.7306596040725708
2021-02-20 07:00:00,55313.47,TP,0.02,0.018000000000000002,1.8000000000000003,0.6506057977676392
2021-02-20 08:00:00,55369.05,TP,0.02,0.018000000000000002,1.8000000000000003,0.7286031246185303
2021-02-20 09:00:00,55358.79,TP,0.02,0.018000000000000002,1.8000000000000003,0.6430256366729736
2021-02-26 05:00:00,45561.21,TP,0.02,0.018000000000000002,1.8000000000000003,0.6702431440353394
2021-02-28 04:00:00,44397.29,TP,0.02,0.018000000000000002,1.8000000000000003,0.6793599128723145
2021-03-01 17:00:00,48583.0,SL,-0.01,-0.012,-1.2,0.6273280382156372
2021-03-01 18:00:00,48475.6,SL,-0.01,-0.012,-1.2,0.6101539731025696
2021-03-02 00:00:00,49401.01,SL,-0.01,-0.012,-1.2,0.6147509217262268
2021-03-02 01:00:00,49361.01,SL,-0.01,-0.012,-1.2,0.613804280757904
2021-03-02 06:00:00,48663.26,TP,0.02,0.018000000000000002,1.8000000000000003,0.652634859085083
2021-03-02 07:00:00,48345.01,TP,0.02,0.018000000000000002,1.8000000000000003,0.7348825335502625
2021-03-02 08:00:00,48887.35,SL,-0.01,-0.012,-1.2,0.6740639805793762
2021-03-02 09:00:00,49155.62,SL,-0.01,-0.012,-1.2,0.6333001852035522
2021-03-02 11:00:00,48866.0,SL,-0.01,-0.012,-1.2,0.6120232939720154
2021-03-03 13:00:00,51623.41,SL,-0.01,-0.012,-1.2,0.6758197546005249
2021-03-03 14:00:00,50846.57,SL,-0.01,-0.012,-1.2,0.6614934206008911
2021-03-09 08:00:00,54079.82,TP,0.02,0.018000000000000002,1.8000000000000003,0.6364148259162903
2021-03-09 09:00:00,54158.74,TP,0.02,0.018000000000000002,1.8000000000000003,0.6521194577217102
2021-03-09 10:00:00,54235.72,SL,-0.01,-0.012,-1.2,0.6375849843025208
2021-03-09 11:00:00,54299.99,SL,-0.01,-0.012,-1.2,0.6635937690734863
2021-03-13 21:00:00,61258.12,SL,-0.01,-0.012,-1.2,0.7172693014144897
2021-03-13 22:00:00,61173.66,SL,-0.01,-0.012,-1.2,0.6296236515045166
2021-03-27 07:00:00,54966.6,SL,-0.01,-0.012,-1.2,0.6408572793006897
2021-03-27 08:00:00,54945.19,SL,-0.01,-0.012,-1.2,0.6649960279464722
2021-03-27 09:00:00,55048.47,SL,-0.01,-0.012,-1.2,0.6435739994049072
2021-03-27 10:00:00,54706.48,SL,-0.01,-0.012,-1.2,0.6177571415901184
2021-03-27 13:00:00,54754.9,TP,0.02,0.018000000000000002,1.8000000000000003,0.6122167706489563
2021-03-27 14:00:00,54653.14,TP,0.02,0.018000000000000002,1.8000000000000003,0.6796720027923584
2021-04-10 03:00:00,59286.01,TP,0.02,0.018000000000000002,1.8000000000000003,0.6300351619720459
2021-04-11 23:00:00,60090.2,TP,0.02,0.018000000000000002,1.8000000000000003,0.6495811343193054
2021-04-12 00:00:00,59905.22,TP,0.02,0.018000000000000002,1.8000000000000003,0.6347564458847046
2021-04-13 02:00:00,60899.97,TP,0.02,0.018000000000000002,1.8000000000000003,0.6297107934951782
2021-04-13 03:00:00,60593.59,TP,0.02,0.018000000000000002,1.8000000000000003,0.6127967238426208
2021-04-13 16:00:00,63270.4,SL,-0.01,-0.012,-1.2,0.6085070967674255
2021-04-13 18:00:00,62768.56,TP,0.02,0.018000000000000002,1.8000000000000003,0.6256457567214966
2021-04-13 22:00:00,63309.14,TP,0.02,0.018000000000000002,1.8000000000000003,0.6165443062782288
2021-04-15 14:00:00,62747.46,SL,-0.01,-0.012,-1.2,0.6449954509735107
2021-04-21 22:00:00,53996.61,SL,-0.01,-0.012,-1.2,0.6167042255401611
2021-04-22 13:00:00,54445.57,SL,-0.01,-0.012,-1.2,0.6229764819145203
2021-04-22 15:00:00,54672.07,SL,-0.01,-0.012,-1.2,0.6342417597770691
2021-04-22 17:00:00,53476.58,SL,-0.01,-0.012,-1.2,0.6878219246864319
2021-04-25 18:00:00,49655.88,SL,-0.01,-0.012,-1.2,0.6245388984680176
2021-04-26 12:00:00,53473.37,SL,-0.01,-0.012,-1.2,0.6084214448928833
2021-04-26 13:00:00,53650.0,SL,-0.01,-0.012,-1.2,0.6712825298309326
2021-04-26 14:00:00,53555.35,SL,-0.01,-0.012,-1.2,0.6217944622039795
2021-04-26 15:00:00,53572.76,SL,-0.01,-0.012,-1.2,0.7618968486785889
2021-04-26 16:00:00,53299.84,SL,-0.01,-0.012,-1.2,0.7838024497032166
2021-04-26 20:00:00,53177.17,SL,-0.01,-0.012,-1.2,0.6094727516174316
2021-05-03 00:00:00,57456.12,TP,0.02,0.018000000000000002,1.8000000000000003,0.633501410484314
2021-05-15 16:00:00,47923.37,SL,-0.01,-0.012,-1.2,0.6046843528747559
2021-05-19 02:00:00,40337.06,SL,-0.01,-0.012,-1.2,0.7697378993034363
2021-05-21 20:00:00,35191.24,SL,-0.01,-0.012,-1.2,0.796464204788208
2021-05-24 18:00:00,37879.48,TP,0.02,0.018000000000000002,1.8000000000000003,0.7283724546432495
2021-05-25 10:00:00,37135.02,SL,-0.01,-0.012,-1.2,0.6549758315086365
2021-05-25 11:00:00,36567.87,TP,0.02,0.018000000000000002,1.8000000000000003,0.6056303381919861
2021-06-09 18:00:00,35870.66,TP,0.02,0.018000000000000002,1.8000000000000003,0.6268926858901978
2021-06-09 19:00:00,36222.21,TP,0.02,0.018000000000000002,1.8000000000000003,0.6381257176399231
2021-06-09 20:00:00,36337.01,TP,0.02,0.018000000000000002,1.8000000000000003,0.7940924763679504
2021-06-09 21:00:00,36603.55,TP,0.02,0.018000000000000002,1.8000000000000003,0.7088900804519653
2021-06-10 00:00:00,36934.99,SL,-0.01,-0.012,-1.2,0.7300105094909668
2021-06-10 01:00:00,36862.78,SL,-0.01,-0.012,-1.2,0.7780638933181763
2021-06-10 02:00:00,37100.0,SL,-0.01,-0.012,-1.2,0.6930925250053406
2021-06-10 03:00:00,36948.46,SL,-0.01,-0.012,-1.2,0.701711893081665
2021-06-10 04:00:00,36785.9,SL,-0.01,-0.012,-1.2,0.7278156280517578
2021-06-10 05:00:00,36807.83,SL,-0.01,-0.012,-1.2,0.6947178244590759
2021-06-10 09:00:00,37404.26,TP,0.02,0.018000000000000002,1.8000000000000003,0.617737352848053
2021-06-14 02:00:00,38977.02,TP,0.02,0.018000000000000002,1.8000000000000003,0.724966824054718
2021-06-14 03:00:00,38978.0,TP,0.02,0.018000000000000002,1.8000000000000003,0.6652886271476746
2021-06-14 04:00:00,39244.28,SL,-0.01,-0.012,-1.2,0.6428254842758179
2021-06-14 05:00:00,39384.11,SL,-0.01,-0.012,-1.2,0.6298862099647522
2021-06-14 06:00:00,39599.99,SL,-0.01,-0.012,-1.2,0.7352900505065918
2021-06-14 07:00:00,39529.99,SL,-0.01,-0.012,-1.2,0.6889538168907166
2021-06-14 08:00:00,39004.43,TP,0.02,0.018000000000000002,1.8000000000000003,0.6294489502906799
2021-06-14 09:00:00,39074.53,TP,0.02,0.018000000000000002,1.8000000000000003,0.6684949994087219
2021-06-17 05:00:00,38712.63,TP,0.02,0.018000000000000002,1.8000000000000003,0.6109634041786194
2021-06-17 07:00:00,39198.03,SL,-0.01,-0.012,-1.2,0.631643533706665
2021-06-17 10:00:00,39264.68,SL,-0.01,-0.012,-1.2,0.6056523323059082
2021-06-17 12:00:00,38792.83,SL,-0.01,-0.012,-1.2,0.6118046045303345
2021-06-17 13:00:00,38715.2,SL,-0.01,-0.012,-1.2,0.7016652822494507
2021-06-20 06:00:00,35493.45,SL,-0.01,-0.012,-1.2,0.6780264973640442
2021-06-20 07:00:00,35614.39,SL,-0.01,-0.012,-1.2,0.7309220433235168
2021-06-24 20:00:00,34838.01,SL,-0.01,-0.012,-1.2,0.6053439974784851
2021-06-24 21:00:00,34754.82,SL,-0.01,-0.012,-1.2,0.6966248154640198
2021-06-24 22:00:00,34742.06,SL,-0.01,-0.012,-1.2,0.6427083015441895
2021-06-24 23:00:00,34644.64,SL,-0.01,-0.012,-1.2,0.6760538220405579
2021-06-25 07:00:00,34262.69,SL,-0.01,-0.012,-1.2,0.7645350098609924
2021-06-25 08:00:00,34280.99,SL,-0.01,-0.012,-1.2,0.8039190769195557
2021-06-26 07:00:00,30700.0,SL,-0.01,-0.012,-1.2,0.7692869305610657
2021-07-08 20:00:00,32781.02,SL,-0.01,-0.012,-1.2,0.6651297211647034
2021-07-09 01:00:00,32656.43,TP,0.02,0.018000000000000002,1.8000000000000003,0.6299726963043213
2021-07-22 02:00:00,31845.13,TP,0.02,0.018000000000000002,1.8000000000000003,0.6419692039489746
2021-07-22 03:00:00,31915.0,TP,0.02,0.018000000000000002,1.8000000000000003,0.6119007468223572
2021-07-22 04:00:00,32038.28,SL,-0.01,-0.012,-1.2,0.6744430065155029
2021-07-22 05:00:00,31883.31,TP,0.02,0.018000000000000002,1.8000000000000003,0.7514246702194214
2021-07-22 06:00:00,32024.42,SL,-0.01,-0.012,-1.2,0.6945498585700989
2021-07-24 22:00:00,33990.67,TP,0.02,0.018000000000000002,1.8000000000000003,0.6107955574989319
2021-07-24 23:00:00,34230.0,SL,-0.01,-0.012,-1.2,0.6082810163497925
2021-07-26 09:00:00,38212.99,TP,0.02,0.018000000000000002,1.8000000000000003,0.6156554222106934
2021-07-26 10:00:00,38588.24,SL,-0.01,-0.012,-1.2,0.6276260018348694
2021-07-26 11:00:00,38468.05,SL,-0.01,-0.012,-1.2,0.7042627334594727
2021-07-26 12:00:00,38634.01,SL,-0.01,-0.012,-1.2,0.6563153266906738
2021-07-27 16:00:00,37622.98,TP,0.02,0.018000000000000002,1.8000000000000003,0.6999386548995972
2021-07-29 20:00:00,39715.49,SL,-0.01,-0.012,-1.2,0.604145884513855
2021-07-30 03:00:00,39951.21,SL,-0.01,-0.012,-1.2,0.6155876517295837
2021-07-30 04:00:00,39802.52,SL,-0.01,-0.012,-1.2,0.6217925548553467
2021-07-30 05:00:00,39713.46,SL,-0.01,-0.012,-1.2,0.8447063565254211
2021-07-30 06:00:00,39836.8,SL,-0.01,-0.012,-1.2,0.917251706123352
2021-07-30 07:00:00,39729.99,SL,-0.01,-0.012,-1.2,0.888050377368927
2021-07-31 00:00:00,41893.87,SL,-0.01,-0.012,-1.2,0.6362218260765076
2021-07-31 03:00:00,41824.68,SL,-0.01,-0.012,-1.2,0.7092332243919373
2021-07-31 04:00:00,41829.94,SL,-0.01,-0.012,-1.2,0.706753134727478
2021-07-31 05:00:00,41695.6,SL,-0.01,-0.012,-1.2,0.6497489809989929
2021-07-31 06:00:00,41522.91,SL,-0.01,-0.012,-1.2,0.6659208536148071
2021-07-31 07:00:00,41537.59,SL,-0.01,-0.012,-1.2,0.6502822041511536
2021-08-02 02:00:00,39773.37,SL,-0.01,-0.012,-1.2,0.662494421005249
2021-08-06 12:00:00,40754.45,TP,0.02,0.018000000000000002,1.8000000000000003,0.6227921843528748
2021-08-07 00:00:00,43258.02,SL,-0.01,-0.012,-1.2,0.6171263456344604
2021-08-07 01:00:00,43150.0,TP,0.02,0.018000000000000002,1.8000000000000003,0.6081559062004089
2021-08-07 02:00:00,43279.7,TP,0.02,0.018000000000000002,1.8000000000000003,0.6054017543792725
2021-08-07 03:00:00,43670.3,SL,-0.01,-0.012,-1.2,0.6111246347427368
2021-08-07 04:00:00,43287.72,TP,0.02,0.018000000000000002,1.8000000000000003,0.6928182244300842
2021-08-09 21:00:00,45743.51,TP,0.02,0.018000000000000002,1.8000000000000003,0.7221517562866211
2021-08-17 14:00:00,45954.47,SL,-0.01,-0.012,-1.2,0.6176813244819641
2021-08-28 10:00:00,48874.94,SL,-0.01,-0.012,-1.2,0.6294510960578918
2021-09-05 02:00:00,50122.0,SL,-0.01,-0.012,-1.2,0.6486368775367737
2021-09-05 11:00:00,50230.0,TP,0.02,0.018000000000000002,1.8000000000000003,0.632332444190979
2021-09-05 12:00:00,50149.25,TP,0.02,0.018000000000000002,1.8000000000000003,0.6393107771873474
2021-09-05 13:00:00,50207.79,TP,0.02,0.018000000000000002,1.8000000000000003,0.6617315411567688
2021-09-05 14:00:00,50272.66,TP,0.02,0.018000000000000002,1.8000000000000003,0.7134556174278259
2021-09-05 19:00:00,50723.01,TP,0.02,0.018000000000000002,1.8000000000000003,0.6516515612602234
2021-09-11 06:00:00,45281.31,SL,-0.01,-0.012,-1.2,0.6081642508506775
2021-09-11 07:00:00,45068.61,TP,0.02,0.018000000000000002,1.8000000000000003,0.7744471430778503
2021-09-11 08:00:00,45142.86,TP,0.02,0.018000000000000002,1.8000000000000003,0.6989356279373169
2021-09-14 11:00:00,45986.45,TP,0.02,0.018000000000000002,1.8000000000000003,0.6207206845283508
2021-09-14 19:00:00,46467.4,TP,0.02,0.018000000000000002,1.8000000000000003,0.6090401411056519
2021-09-14 21:00:00,46624.01,TP,0.02,0.018000000000000002,1.8000000000000003,0.6348491907119751
2021-09-15 17:00:00,47981.04,SL,-0.01,-0.012,-1.2,0.6104143261909485
2021-09-15 18:00:00,48010.31,SL,-0.01,-0.012,-1.2,0.6174169182777405
2021-09-21 15:00:00,43066.21,SL,-0.01,-0.012,-1.2,0.6178872585296631
2021-09-21 17:00:00,41687.77,TP,0.02,0.018000000000000002,1.8000000000000003,0.6969998478889465
2021-09-25 04:00:00,42667.4,SL,-0.01,-0.012,-1.2,0.6412562131881714
2021-09-25 05:00:00,42428.32,SL,-0.01,-0.012,-1.2,0.6353752613067627
2021-09-25 22:00:00,42702.45,SL,-0.01,-0.012,-1.2,0.6143935918807983
2021-10-01 19:00:00,48009.37,SL,-0.01,-0.012,-1.2,0.6618795394897461
2021-10-01 20:00:00,48068.15,SL,-0.01,-0.012,-1.2,0.6717970967292786
2021-10-01 21:00:00,48317.01,SL,-0.01,-0.012,-1.2,0.6842165589332581
2021-10-01 22:00:00,47990.0,SL,-0.01,-0.012,-1.2,0.710023820400238
2021-10-01 23:00:00,48123.94,SL,-0.01,-0.012,-1.2,0.7555322647094727
2021-10-07 19:00:00,54019.5,TP,0.02,0.018000000000000002,1.8000000000000003,0.6089727282524109
2021-10-08 04:00:00,53924.85,TP,0.02,0.018000000000000002,1.8000000000000003,0.7214304804801941
2021-10-13 06:00:00,55360.92,SL,-0.01,-0.012,-1.2,0.6517054438591003
2021-10-17 07:00:00,60389.57,SL,-0.01,-0.012,-1.2,0.6128460764884949
2021-10-17 11:00:00,61021.05,SL,-0.01,-0.012,-1.2,0.7141145467758179
2021-10-17 12:00:00,60925.38,SL,-0.01,-0.012,-1.2,0.6707140803337097
2021-10-17 13:00:00,61075.82,SL,-0.01,-0.012,-1.2,0.6895696520805359
2021-10-17 14:00:00,61084.51,SL,-0.01,-0.012,-1.2,0.6696572303771973
2021-10-17 15:00:00,60820.55,SL,-0.01,-0.012,-1.2,0.7148860096931458
2021-10-17 18:00:00,61027.86,SL,-0.01,-0.012,-1.2,0.6403999924659729
2021-10-21 01:00:00,65125.01,SL,-0.01,-0.012,-1.2,0.6790309548377991
2021-10-22 10:00:00,63239.35,SL,-0.01,-0.012,-1.2,0.6464135050773621
2021-10-22 11:00:00,63420.67,SL,-0.01,-0.012,-1.2,0.6853370666503906
2021-10-22 12:00:00,63682.13,SL,-0.01,-0.012,-1.2,0.6067470908164978
2021-10-22 13:00:00,62485.47,SL,-0.01,-0.012,-1.2,0.6898848414421082
2021-10-28 01:00:00,58963.81,TP,0.02,0.018000000000000002,1.8000000000000003,0.6652384996414185
2021-10-28 02:00:00,58970.6,TP,0.02,0.018000000000000002,1.8000000000000003,0.7294496297836304
2021-10-28 03:00:00,58876.25,TP,0.02,0.018000000000000002,1.8000000000000003,0.7542118430137634
2021-10-28 04:00:00,58830.89,TP,0.02,0.018000000000000002,1.8000000000000003,0.6353955864906311
2021-10-28 06:00:00,59080.16,TP,0.02,0.018000000000000002,1.8000000000000003,0.6281421780586243
2021-11-08 13:00:00,65446.47,TP,0.02,0.018000000000000002,1.8000000000000003,0.6587612628936768
2021-11-08 16:00:00,66003.83,TP,0.02,0.018000000000000002,1.8000000000000003,0.6244082450866699
2021-11-08 18:00:00,65957.43,TP,0.02,0.018000000000000002,1.8000000000000003,0.6153910160064697
2021-11-16 22:00:00,60609.26,SL,-0.01,-0.012,-1.2,0.6287895441055298
2021-11-17 00:00:00,59760.78,SL,-0.01,-0.012,-1.2,0.711787760257721
2021-11-17 04:00:00,59452.1,SL,-0.01,-0.012,-1.2,0.6856361031532288
2021-11-22 16:00:00,57734.93,SL,-0.01,-0.012,-1.2,0.6055482625961304
2021-11-22 17:00:00,57458.91,SL,-0.01,-0.012,-1.2,0.6686583161354065
2021-11-23 10:00:00,56358.18,TP,0.02,0.018000000000000002,1.8000000000000003,0.6074461340904236
2021-11-23 12:00:00,56346.84,TP,0.02,0.018000000000000002,1.8000000000000003,0.6374672055244446
2021-11-26 10:00:00,54450.0,SL,-0.01,-0.012,-1.2,0.8439875841140747
2021-11-26 11:00:00,53766.35,TP,0.02,0.018000000000000002,1.8000000000000003,0.819745659828186
2021-11-27 03:00:00,54368.67,SL,-0.01,-0.012,-1.2,0.6939836740493774
2021-11-27 05:00:00,54257.62,SL,-0.01,-0.012,-1.2,0.6598636507987976
2021-11-29 09:00:00,56917.76,TP,0.02,0.018000000000000002,1.8000000000000003,0.7139058113098145
2021-11-29 10:00:00,57221.49,TP,0.02,0.018000000000000002,1.8000000000000003,0.6822324395179749
2021-11-29 11:00:00,56929.74,TP,0.02,0.018000000000000002,1.8000000000000003,0.6750339865684509
2021-11-29 12:00:00,56946.71,TP,0.02,0.018000000000000002,1.8000000000000003,0.6446138024330139
2021-12-05 15:00:00,47954.99,TP,0.02,0.018000000000000002,1.8000000000000003,0.7438014149665833
2021-12-06 10:00:00,47484.86,TP,0.02,0.018000000000000002,1.8000000000000003,0.6641059517860413
2021-12-07 16:00:00,51332.71,SL,-0.01,-0.012,-1.2,0.6444969773292542
2021-12-07 18:00:00,50926.0,SL,-0.01,-0.012,-1.2,0.6097316145896912
2021-12-10 07:00:00,47685.3,TP,0.02,0.018000000000000002,1.8000000000000003,0.6166154742240906
2021-12-10 08:00:00,48072.43,TP,0.02,0.018000000000000002,1.8000000000000003,0.7047003507614136
2021-12-11 22:00:00,48811.1,TP,0.02,0.018000000000000002,1.8000000000000003,0.6203135251998901
2021-12-12 03:00:00,49279.08,SL,-0.01,-0.012,-1.2,0.6486101746559143
2021-12-12 04:00:00,48851.37,TP,0.02,0.018000000000000002,1.8000000000000003,0.6693254709243774
2021-12-12 05:00:00,48967.66,TP,0.02,0.018000000000000002,1.8000000000000003,0.6740483045578003
2021-12-12 06:00:00,49147.21,SL,-0.01,-0.012,-1.2,0.6823568344116211
2021-12-12 07:00:00,49276.18,SL,-0.01,-0.012,-1.2,0.6487171649932861
2021-12-14 09:00:00,46820.43,TP,0.02,0.018000000000000002,1.8000000000000003,0.639410138130188
2021-12-15 11:00:00,48135.18,SL,-0.01,-0.012,-1.2,0.7043170928955078
2021-12-19 09:00:00,47093.6,TP,0.02,0.018000000000000002,1.8000000000000003,0.6455000638961792
2021-12-24 02:00:00,51036.13,SL,-0.01,-0.012,-1.2,0.6653989553451538
2021-12-26 22:00:00,50963.96,SL,-0.01,-0.012,-1.2,0.6158115863800049
2021-12-26 23:00:00,50765.73,TP,0.02,0.018000000000000002,1.8000000000000003,0.6901760697364807
2021-12-27 03:00:00,51007.02,TP,0.02,0.018000000000000002,1.8000000000000003,0.6053124070167542
2021-12-27 13:00:00,51293.82,SL,-0.01,-0.012,-1.2,0.6202775835990906
2021-12-29 22:00:00,47273.37,SL,-0.01,-0.012,-1.2,0.6185975074768066
2022-01-01 11:00:00,46755.01,TP,0.02,0.018000000000000002,1.8000000000000003,0.6947253346443176
2022-01-04 06:00:00,46359.14,TP,0.02,0.018000000000000002,1.8000000000000003,0.690352201461792
2022-01-04 07:00:00,46521.68,TP,0.02,0.018000000000000002,1.8000000000000003,0.7133866548538208
2022-01-04 08:00:00,46475.02,TP,0.02,0.018000000000000002,1.8000000000000003,0.6439676284790039
2022-01-04 09:00:00,46355.2,TP,0.02,0.018000000000000002,1.8000000000000003,0.6674267053604126
2022-01-16 06:00:00,43171.67,SL,-0.01,-0.012,-1.2,0.6634252667427063
2022-01-22 11:00:00,35385.59,TP,0.02,0.018000000000000002,1.8000000000000003,0.6118775606155396
2022-02-02 12:00:00,38692.33,SL,-0.01,-0.012,-1.2,0.6159084439277649
2022-02-09 04:00:00,43434.95,TP,0.02,0.018000000000000002,1.8000000000000003,0.6831026673316956
2022-02-09 05:00:00,43567.22,TP,0.02,0.018000000000000002,1.8000000000000003,0.6971495151519775
2022-02-09 06:00:00,43679.26,SL,-0.01,-0.012,-1.2,0.6126918792724609
2022-02-09 07:00:00,43798.9,SL,-0.01,-0.012,-1.2,0.6232805252075195
2022-02-09 08:00:00,43374.51,TP,0.02,0.018000000000000002,1.8000000000000003,0.6411145329475403
2022-02-09 10:00:00,43599.08,TP,0.02,0.018000000000000002,1.8000000000000003,0.6729092001914978
2022-02-11 18:00:00,42652.95,SL,-0.01,-0.012,-1.2,0.6498808860778809
2022-02-16 10:00:00,44092.8,SL,-0.01,-0.012,-1.2,0.60969078540802
2022-02-19 12:00:00,39743.7,SL,-0.01,-0.012,-1.2,0.6082271933555603
2022-02-27 01:00:00,38228.3,TP,0.02,0.018000000000000002,1.8000000000000003,0.6078237891197205
2022-02-28 14:00:00,39793.5,TP,0.02,0.018000000000000002,1.8000000000000003,0.6673710942268372
2022-03-01 03:00:00,43140.8,TP,0.02,0.018000000000000002,1.8000000000000003,0.6500874757766724
2022-03-03 05:00:00,43320.0,SL,-0.01,-0.012,-1.2,0.696806013584137
2022-03-03 07:00:00,43468.0,SL,-0.01,-0.012,-1.2,0.6427953839302063
2022-03-03 08:00:00,43457.0,SL,-0.01,-0.012,-1.2,0.6651945114135742
2022-03-03 10:00:00,43389.3,SL,-0.01,-0.012,-1.2,0.6382532715797424
2022-03-11 02:00:00,38251.0,TP,0.02,0.018000000000000002,1.8000000000000003,0.6046798229217529
2022-03-17 21:00:00,40983.3,SL,-0.01,-0.012,-1.2,0.7123039364814758
2022-03-17 22:00:00,40965.1,SL,-0.01,-0.012,-1.2,0.6498741507530212
2022-03-17 23:00:00,40898.1,SL,-0.01,-0.012,-1.2,0.6095197200775146
2022-03-18 06:00:00,40724.7,SL,-0.01,-0.012,-1.2,0.6747857928276062
2022-03-20 11:00:00,41587.9,SL,-0.01,-0.012,-1.2,0.6859769821166992
2022-03-27 22:00:00,46595.0,TP,0.02,0.018000000000000002,1.8000000000000003,0.6771185994148254
2022-03-27 23:00:00,46820.8,TP,0.02,0.018000000000000002,1.8000000000000003,0.6227442026138306
2022-03-28 00:00:00,46915.9,TP,0.02,0.018000000000000002,1.8000000000000003,0.6494930386543274
2022-03-28 01:00:00,46799.0,TP,0.02,0.018000000000000002,1.8000000000000003,0.7288699746131897
2022-03-28 03:00:00,47042.8,TP,0.02,0.018000000000000002,1.8000000000000003,0.6402029395103455
2022-03-28 04:00:00,47111.7,TP,0.02,0.018000000000000002,1.8000000000000003,0.6178869605064392
2022-03-28 05:00:00,47069.5,TP,0.02,0.018000000000000002,1.8000000000000003,0.7044202089309692
2022-03-28 06:00:00,46900.5,TP,0.02,0.018000000000000002,1.8000000000000003,0.6426638960838318
2022-03-28 07:00:00,46984.5,TP,0.02,0.018000000000000002,1.8000000000000003,0.6538359522819519
2022-03-28 08:00:00,47015.7,TP,0.02,0.018000000000000002,1.8000000000000003,0.7040409445762634
2022-03-28 09:00:00,47135.3,TP,0.02,0.018000000000000002,1.8000000000000003,0.6714317202568054
2022-03-29 14:00:00,47777.0,SL,-0.01,-0.012,-1.2,0.7305358648300171
2022-04-16 14:00:00,40480.4,SL,-0.01,-0.012,-1.2,0.7078370451927185
2022-05-07 21:00:00,34972.2,TP,0.02,0.018000000000000002,1.8000000000000003,0.6384849548339844
2022-05-07 22:00:00,35026.1,TP,0.02,0.018000000000000002,1.8000000000000003,0.6191734075546265
2022-05-09 14:00:00,32454.6,SL,-0.01,-0.012,-1.2,0.6072285175323486
2022-05-09 23:00:00,30056.6,SL,-0.01,-0.012,-1.2,0.6323404312133789
2022-05-12 08:00:00,28080.0,SL,-0.01,-0.012,-1.2,0.6460347175598145
2022-05-12 09:00:00,28043.3,SL,-0.01,-0.012,-1.2,0.6401202082633972
2022-05-14 13:00:00,28827.2,TP,0.02,0.018000000000000002,1.8000000000000003,0.6712802648544312
2022-06-12 05:00:00,27258.3,SL,-0.01,-0.012,-1.2,0.6353453993797302
2022-06-12 23:00:00,26564.7,SL,-0.01,-0.012,-1.2,0.631114661693573
2022-06-13 00:00:00,26291.3,SL,-0.01,-0.012,-1.2,0.6976935863494873
2022-06-13 08:00:00,24172.9,SL,-0.01,-0.012,-1.2,0.6519091725349426
2022-06-13 22:00:00,22575.8,SL,-0.01,-0.012,-1.2,0.6305334568023682
2022-06-14 04:00:00,21963.9,TP,0.02,0.018000000000000002,1.8000000000000003,0.6761546730995178
2022-06-18 18:00:00,18203.7,SL,-0.01,-0.012,-1.2,0.6069376468658447
2022-06-18 19:00:00,18059.4,SL,-0.01,-0.012,-1.2,0.7455223798751831
2022-07-05 08:00:00,19884.7,SL,-0.01,-0.012,-1.2,0.6087213754653931
2022-07-28 01:00:00,22763.9,TP,0.02,0.018000000000000002,1.8000000000000003,0.6175858378410339
2022-08-01 17:00:00,22954.5,TP,0.02,0.018000000000000002,1.8000000000000003,0.6061182022094727
2022-08-26 03:00:00,21542.0,SL,-0.01,-0.012,-1.2,0.6122080087661743
2022-09-21 17:00:00,19846.4,SL,-0.01,-0.012,-1.2,0.6073981523513794
2022-10-07 01:00:00,19985.9,SL,-0.01,-0.012,-1.2,0.65203857421875
2022-10-07 02:00:00,20008.9,SL,-0.01,-0.012,-1.2,0.6346828937530518
2022-10-17 07:00:00,19285.0,TP,0.02,0.018000000000000002,1.8000000000000003,0.619379997253418
2022-10-22 21:00:00,19195.0,TP,0.02,0.018000000000000002,1.8000000000000003,0.833228588104248
2022-10-22 22:00:00,19185.1,TP,0.02,0.018000000000000002,1.8000000000000003,0.8765586018562317
2022-10-22 23:00:00,19195.1,TP,0.02,0.018000000000000002,1.8000000000000003,0.8911383748054504
2022-10-23 00:00:00,19186.6,TP,0.02,0.018000000000000002,1.8000000000000003,0.86366206407547
2022-10-23 01:00:00,19170.5,TP,0.02,0.018000000000000002,1.8000000000000003,0.7727819085121155
2022-10-23 02:00:00,19186.3,TP,0.02,0.018000000000000002,1.8000000000000003,0.7762215733528137
2022-10-23 03:00:00,19188.9,TP,0.02,0.018000000000000002,1.8000000000000003,0.8493193984031677
2022-10-23 04:00:00,19176.3,TP,0.02,0.018000000000000002,1.8000000000000003,0.7608312368392944
2022-10-23 05:00:00,19167.4,TP,0.02,0.018000000000000002,1.8000000000000003,0.7052277326583862
2022-10-23 06:00:00,19167.2,TP,0.02,0.018000000000000002,1.8000000000000003,0.723689079284668
2022-10-23 07:00:00,19151.6,TP,0.02,0.018000000000000002,1.8000000000000003,0.7711580991744995
2022-10-23 08:00:00,19173.3,TP,0.02,0.018000000000000002,1.8000000000000003,0.8200899362564087
2022-10-23 09:00:00,19172.9,TP,0.02,0.018000000000000002,1.8000000000000003,0.8297982215881348
2022-10-23 10:00:00,19160.0,TP,0.02,0.018000000000000002,1.8000000000000003,0.7865357398986816
2022-10-23 11:00:00,19142.0,TP,0.02,0.018000000000000002,1.8000000000000003,0.7758554220199585
2022-10-23 12:00:00,19142.9,TP,0.02,0.018000000000000002,1.8000000000000003,0.7512460947036743
2022-10-23 13:00:00,19169.2,TP,0.02,0.018000000000000002,1.8000000000000003,0.7343674898147583
2022-10-23 14:00:00,19181.6,TP,0.02,0.018000000000000002,1.8000000000000003,0.7275353670120239
2022-10-23 15:00:00,19180.6,TP,0.02,0.018000000000000002,1.8000000000000003,0.7831974625587463
2022-10-23 16:00:00,19168.9,TP,0.02,0.018000000000000002,1.8000000000000003,0.7950788140296936
2022-10-23 17:00:00,19468.7,SL,-0.01,-0.012,-1.2,0.790419340133667
2022-10-25 06:00:00,19319.0,TP,0.02,0.018000000000000002,1.8000000000000003,0.7397998571395874
2022-10-25 07:00:00,19296.9,TP,0.02,0.018000000000000002,1.8000000000000003,0.7795104384422302
2022-10-25 08:00:00,19284.9,TP,0.02,0.018000000000000002,1.8000000000000003,0.7170575261116028
2022-10-25 09:00:00,19254.7,TP,0.02,0.018000000000000002,1.8000000000000003,0.616058886051178
2022-10-25 10:00:00,19286.4,TP,0.02,0.018000000000000002,1.8000000000000003,0.6084349751472473
2022-10-25 11:00:00,19291.0,TP,0.02,0.018000000000000002,1.8000000000000003,0.6430698037147522
2022-10-25 22:00:00,20053.1,TP,0.02,0.018000000000000002,1.8000000000000003,0.6193878650665283
2022-10-26 01:00:00,20219.7,TP,0.02,0.018000000000000002,1.8000000000000003,0.6122779250144958
2022-10-26 03:00:00,20238.6,TP,0.02,0.018000000000000002,1.8000000000000003,0.6088350415229797
2022-10-26 04:00:00,20192.1,TP,0.02,0.018000000000000002,1.8000000000000003,0.6734929084777832
2022-10-26 06:00:00,20208.7,TP,0.02,0.018000000000000002,1.8000000000000003,0.68034827709198
2022-10-31 09:00:00,20704.7,SL,-0.01,-0.012,-1.2,0.6043862104415894
2022-11-02 06:00:00,20465.0,SL,-0.01,-0.012,-1.2,0.6249248385429382
2022-11-02 07:00:00,20414.2,SL,-0.01,-0.012,-1.2,0.6897422075271606
2022-11-02 09:00:00,20454.9,SL,-0.01,-0.012,-1.2,0.6499036550521851
2022-11-06 05:00:00,21145.3,SL,-0.01,-0.012,-1.2,0.696441113948822
2022-11-06 15:00:00,21233.7,SL,-0.01,-0.012,-1.2,0.7252835035324097
2022-11-06 16:00:00,21248.8,SL,-0.01,-0.012,-1.2,0.7325872182846069
2022-11-06 20:00:00,21197.4,SL,-0.01,-0.012,-1.2,0.6779353618621826
2022-11-17 08:00:00,16557.4,TP,0.02,0.018000000000000002,1.8000000000000003,0.6307535767555237
2022-11-19 11:00:00,16669.3,SL,-0.01,-0.012,-1.2,0.6149682402610779
2022-11-19 22:00:00,16728.6,SL,-0.01,-0.012,-1.2,0.6399422287940979
2022-11-20 07:00:00,16710.2,SL,-0.01,-0.012,-1.2,0.7062036991119385
2022-11-21 06:00:00,16085.0,SL,-0.01,-0.012,-1.2,0.6405604481697083
2022-11-21 07:00:00,16032.2,SL,-0.01,-0.012,-1.2,0.6754405498504639
2022-11-21 11:00:00,16077.6,SL,-0.01,-0.012,-1.2,0.6335064768791199
2022-11-21 13:00:00,16167.7,SL,-0.01,-0.012,-1.2,0.626945972442627
2022-11-25 05:00:00,16353.0,TP,0.02,0.018000000000000002,1.8000000000000003,0.6301502585411072
2022-11-30 00:00:00,16839.4,TP,0.02,0.018000000000000002,1.8000000000000003,0.6714710593223572
2022-12-04 15:00:00,17022.2,TP,0.02,0.018000000000000002,1.8000000000000003,0.7474774718284607
2022-12-09 11:00:00,17231.9,TIME,-0.008130270022458473,-0.010130270022458473,-1.0130270022458472,0.643794059753418
2022-12-11 00:00:00,17134.4,SL,-0.01,-0.012,-1.2,0.8411878347396851
2022-12-11 01:00:00,17156.6,SL,-0.01,-0.012,-1.2,0.831814169883728
2022-12-11 02:00:00,17138.3,SL,-0.01,-0.012,-1.2,0.8313125371932983
2022-12-11 03:00:00,17147.7,SL,-0.01,-0.012,-1.2,0.8190789222717285
2022-12-11 04:00:00,17161.0,SL,-0.01,-0.012,-1.2,0.8316075801849365
2022-12-11 05:00:00,17164.4,SL,-0.01,-0.012,-1.2,0.8529329299926758
2022-12-11 06:00:00,17163.1,SL,-0.01,-0.012,-1.2,0.8130906224250793
2022-12-11 07:00:00,17173.4,SL,-0.01,-0.012,-1.2,0.8341243863105774
2022-12-11 08:00:00,17166.9,SL,-0.01,-0.012,-1.2,0.8048624992370605
2022-12-11 09:00:00,17158.7,SL,-0.01,-0.012,-1.2,0.8064325451850891
2022-12-11 10:00:00,17156.7,SL,-0.01,-0.012,-1.2,0.8038103580474854
2022-12-11 11:00:00,17160.8,SL,-0.01,-0.012,-1.2,0.8718969821929932
2022-12-11 12:00:00,17153.6,SL,-0.01,-0.012,-1.2,0.8569695949554443
2022-12-11 13:00:00,17147.5,SL,-0.01,-0.012,-1.2,0.8681942224502563
2022-12-11 14:00:00,17148.6,SL,-0.01,-0.012,-1.2,0.8659249544143677
2022-12-11 15:00:00,17145.5,SL,-0.01,-0.012,-1.2,0.8114737868309021
2022-12-11 16:00:00,17153.7,SL,-0.01,-0.012,-1.2,0.8195331692695618
2022-12-11 17:00:00,17167.9,SL,-0.01,-0.012,-1.2,0.8246824741363525
2022-12-11 18:00:00,17197.1,SL,-0.01,-0.012,-1.2,0.8043466210365295
2022-12-11 19:00:00,17169.5,SL,-0.01,-0.012,-1.2,0.9209161996841431
2022-12-11 20:00:00,17093.9,SL,-0.01,-0.012,-1.2,0.8955269455909729
2022-12-11 21:00:00,17105.2,SL,-0.01,-0.012,-1.2,0.8691362738609314
2022-12-11 22:00:00,17091.8,SL,-0.01,-0.012,-1.2,0.9086544513702393
2022-12-11 23:00:00,17077.3,SL,-0.01,-0.012,-1.2,0.6235771775245667
2022-12-13 02:00:00,17144.0,TP,0.02,0.018000000000000002,1.8000000000000003,0.6155937314033508
2022-12-13 03:00:00,17143.2,TP,0.02,0.018000000000000002,1.8000000000000003,0.6130175590515137
2022-12-13 04:00:00,17161.2,TP,0.02,0.018000000000000002,1.8000000000000003,0.6696093678474426
2022-12-13 05:00:00,17179.2,TP,0.02,0.018000000000000002,1.8000000000000003,0.6973418593406677
2022-12-13 06:00:00,17143.7,TP,0.02,0.018000000000000002,1.8000000000000003,0.6544802188873291
2022-12-19 23:00:00,16429.2,TP,0.02,0.018000000000000002,1.8000000000000003,0.6535005569458008
2022-12-20 00:00:00,16454.8,TP,0.02,0.018000000000000002,1.8000000000000003,0.7332199215888977
2022-12-20 01:00:00,16571.9,TP,0.02,0.018000000000000002,1.8000000000000003,0.6483074426651001
2022-12-20 02:00:00,16712.9,TP,0.02,0.018000000000000002,1.8000000000000003,0.606488823890686
2022-12-22 05:00:00,16816.0,SL,-0.01,-0.012,-1.2,0.7091737985610962
2022-12-22 06:00:00,16800.9,SL,-0.01,-0.012,-1.2,0.759493350982666
2022-12-22 07:00:00,16820.0,SL,-0.01,-0.012,-1.2,0.7258682250976562
2022-12-22 08:00:00,16829.7,SL,-0.01,-0.012,-1.2,0.7964041829109192
2022-12-22 09:00:00,16839.7,SL,-0.01,-0.012,-1.2,0.8070134520530701
2022-12-22 10:00:00,16815.3,SL,-0.01,-0.012,-1.2,0.7653364539146423
2022-12-22 11:00:00,16827.6,SL,-0.01,-0.012,-1.2,0.7611053586006165
2022-12-22 12:00:00,16808.3,SL,-0.01,-0.012,-1.2,0.826371431350708
2022-12-22 13:00:00,16775.3,SL,-0.01,-0.012,-1.2,0.7646325826644897
2022-12-26 17:00:00,16827.0,SL,-0.01,-0.012,-1.2,0.839396059513092
2022-12-26 18:00:00,16811.3,TIME,-0.007691255286622645,-0.009691255286622645,-0.9691255286622645,0.6576828360557556
2022-12-26 19:00:00,16834.9,SL,-0.01,-0.012,-1.2,0.7010562419891357
2022-12-26 21:00:00,16826.2,SL,-0.01,-0.012,-1.2,0.6724494695663452
2022-12-26 22:00:00,16831.5,SL,-0.01,-0.012,-1.2,0.7345633506774902
2022-12-26 23:00:00,16912.9,SL,-0.01,-0.012,-1.2,0.8716962933540344
2022-12-27 00:00:00,16863.0,SL,-0.01,-0.012,-1.2,0.8603465557098389
2022-12-27 01:00:00,16859.8,SL,-0.01,-0.012,-1.2,0.8678045868873596
2022-12-27 02:00:00,16872.6,SL,-0.01,-0.012,-1.2,0.8325713872909546
2022-12-27 03:00:00,16868.1,SL,-0.01,-0.012,-1.2,0.8207974433898926
2022-12-27 04:00:00,16883.6,SL,-0.01,-0.012,-1.2,0.8190638422966003
2022-12-27 05:00:00,16862.3,SL,-0.01,-0.012,-1.2,0.7751024961471558
2022-12-27 06:00:00,16882.4,SL,-0.01,-0.012,-1.2,0.7899442911148071
2022-12-27 07:00:00,16859.6,SL,-0.01,-0.012,-1.2,0.8533157706260681
2022-12-27 08:00:00,16840.4,SL,-0.01,-0.012,-1.2,0.8525349497795105
2022-12-27 09:00:00,16869.7,SL,-0.01,-0.012,-1.2,0.81948322057724
2022-12-27 10:00:00,16852.2,SL,-0.01,-0.012,-1.2,0.8044580221176147
2022-12-27 11:00:00,16823.7,SL,-0.01,-0.012,-1.2,0.737690269947052
2022-12-27 12:00:00,16803.2,SL,-0.01,-0.012,-1.2,0.6295523643493652
2022-12-27 13:00:00,16811.1,SL,-0.01,-0.012,-1.2,0.6763604283332825
2022-12-29 10:00:00,16600.3,TIME,-0.00659024234501773,-0.008590242345017731,-0.8590242345017731,0.6674975156784058
2022-12-29 13:00:00,16610.2,TP,0.02,0.018000000000000002,1.8000000000000003,0.6353936195373535
2023-01-03 18:00:00,16637.7,TP,0.02,0.018000000000000002,1.8000000000000003,0.7298322319984436
2023-01-03 19:00:00,16637.7,TP,0.02,0.018000000000000002,1.8000000000000003,0.6289268732070923
2023-01-04 18:00:00,16942.0,TP,0.02,0.018000000000000002,1.8000000000000003,0.6931141018867493
2023-01-05 15:00:00,16836.6,TP,0.02,0.018000000000000002,1.8000000000000003,0.8810533881187439
2023-01-05 18:00:00,16837.0,TP,0.02,0.018000000000000002,1.8000000000000003,0.8512231707572937
2023-01-05 19:00:00,16856.4,TP,0.02,0.018000000000000002,1.8000000000000003,0.8590521216392517
2023-01-05 20:00:00,16852.8,TP,0.02,0.018000000000000002,1.8000000000000003,0.7325195670127869
2023-01-05 21:00:00,16840.0,TP,0.02,0.018000000000000002,1.8000000000000003,0.7747429013252258
2023-01-06 00:00:00,16852.1,TP,0.02,0.018000000000000002,1.8000000000000003,0.897849977016449
2023-01-08 09:00:00,16927.4,TP,0.02,0.018000000000000002,1.8000000000000003,0.8499016165733337
2023-01-08 10:00:00,16930.8,TP,0.02,0.018000000000000002,1.8000000000000003,0.8708266019821167
2023-01-08 11:00:00,16918.6,TP,0.02,0.018000000000000002,1.8000000000000003,0.859993040561676
2023-01-08 12:00:00,16915.3,TP,0.02,0.018000000000000002,1.8000000000000003,0.8548410534858704
2023-01-08 13:00:00,16924.1,TP,0.02,0.018000000000000002,1.8000000000000003,0.8512832522392273
2023-01-08 14:00:00,16945.6,TP,0.02,0.018000000000000002,1.8000000000000003,0.9321528077125549
2023-01-08 16:00:00,16930.1,TP,0.02,0.018000000000000002,1.8000000000000003,0.8809625506401062
2023-01-08 17:00:00,16919.9,TP,0.02,0.018000000000000002,1.8000000000000003,0.9441338777542114
2023-01-08 18:00:00,16922.1,TP,0.02,0.018000000000000002,1.8000000000000003,0.9263548254966736
2023-01-08 19:00:00,16920.3,TP,0.02,0.018000000000000002,1.8000000000000003,0.9234780669212341
2023-01-08 20:00:00,16959.4,TP,0.02,0.018000000000000002,1.8000000000000003,0.9186669588088989
2023-01-08 21:00:00,16949.2,TP,0.02,0.018000000000000002,1.8000000000000003,0.9322569966316223
2023-01-08 22:00:00,16956.8,TP,0.02,0.018000000000000002,1.8000000000000003,0.9189440011978149
2023-01-11 08:00:00,17440.3,TP,0.02,0.018000000000000002,1.8000000000000003,0.7776115536689758
2023-01-11 09:00:00,17437.0,TP,0.02,0.018000000000000002,1.8000000000000003,0.7307330369949341
2023-01-11 15:00:00,17325.3,TP,0.02,0.018000000000000002,1.8000000000000003,0.7739115357398987
2023-01-11 16:00:00,17339.9,TP,0.02,0.018000000000000002,1.8000000000000003,0.7183520793914795
2023-01-11 17:00:00,17373.3,TP,0.02,0.018000000000000002,1.8000000000000003,0.7482426166534424
2023-01-11 18:00:00,17476.5,TP,0.02,0.018000000000000002,1.8000000000000003,0.8401137590408325
2023-01-12 01:00:00,18214.1,SL,-0.01,-0.012,-1.2,0.7527497410774231
2023-01-12 02:00:00,18199.5,SL,-0.01,-0.012,-1.2,0.6067325472831726
2023-01-12 09:00:00,18159.6,SL,-0.01,-0.012,-1.2,0.6290702819824219
2023-01-12 10:00:00,18179.7,SL,-0.01,-0.012,-1.2,0.657072126865387
2023-01-12 11:00:00,18194.5,SL,-0.01,-0.012,-1.2,0.676056981086731
2023-01-12 14:00:00,17989.7,TP,0.02,0.018000000000000002,1.8000000000000003,0.6907415390014648
2023-01-12 15:00:00,18077.7,TP,0.02,0.018000000000000002,1.8000000000000003,0.6873998641967773
2023-01-12 16:00:00,18128.3,TP,0.02,0.018000000000000002,1.8000000000000003,0.6154265403747559
2023-01-15 16:00:00,20884.7,SL,-0.01,-0.012,-1.2,0.6597172021865845
2023-01-15 21:00:00,20912.0,TP,0.02,0.018000000000000002,1.8000000000000003,0.6157150864601135
2023-01-19 18:00:00,20977.1,TP,0.02,0.018000000000000002,1.8000000000000003,0.641303539276123
2023-01-19 19:00:00,21090.0,SL,-0.01,-0.012,-1.2,0.6898173093795776
2023-01-19 20:00:00,21099.0,SL,-0.01,-0.012,-1.2,0.6368139982223511
2023-01-24 09:00:00,22845.2,SL,-0.01,-0.012,-1.2,0.6727325916290283
2023-01-24 10:00:00,22897.1,SL,-0.01,-0.012,-1.2,0.6152837872505188
2023-01-24 11:00:00,22912.0,SL,-0.01,-0.012,-1.2,0.7334988117218018
2023-01-24 12:00:00,22958.6,SL,-0.01,-0.012,-1.2,0.7779916524887085
2023-01-24 13:00:00,22856.1,SL,-0.01,-0.012,-1.2,0.7156356573104858
2023-01-28 19:00:00,23033.1,TP,0.02,0.018000000000000002,1.8000000000000003,0.6288820505142212
2023-01-29 00:00:00,23105.1,TP,0.02,0.018000000000000002,1.8000000000000003,0.7622580528259277
2023-01-29 10:00:00,23446.9,TP,0.02,0.018000000000000002,1.8000000000000003,0.708115816116333
2023-01-29 22:00:00,23773.4,SL,-0.01,-0.012,-1.2,0.6351255774497986
2023-02-04 13:00:00,23503.0,SL,-0.01,-0.012,-1.2,0.6528519988059998
2023-02-14 14:00:00,22239.9,SL,-0.01,-0.012,-1.2,0.6056994795799255
2023-02-16 06:00:00,24597.9,SL,-0.01,-0.012,-1.2,0.6142076253890991
2023-02-16 07:00:00,24630.8,SL,-0.01,-0.012,-1.2,0.6305844187736511
2023-02-18 21:00:00,24621.7,TP,0.02,0.018000000000000002,1.8000000000000003,0.6902911067008972
2023-02-18 22:00:00,24630.5,TP,0.02,0.018000000000000002,1.8000000000000003,0.6688266396522522
2023-02-18 23:00:00,24636.9,TP,0.02,0.018000000000000002,1.8000000000000003,0.6590295433998108
2023-02-21 07:00:00,25004.6,SL,-0.01,-0.012,-1.2,0.6276969909667969
2023-03-13 01:00:00,22280.9,SL,-0.01,-0.012,-1.2,0.7302425503730774
2023-03-13 09:00:00,21956.0,TP,0.02,0.018000000000000002,1.8000000000000003,0.6847439408302307
2023-03-18 22:00:00,26901.9,TP,0.02,0.018000000000000002,1.8000000000000003,0.645326554775238
2023-03-19 00:00:00,27074.7,TP,0.02,0.018000000000000002,1.8000000000000003,0.622516393661499
2023-03-19 07:00:00,26963.4,TP,0.02,0.018000000000000002,1.8000000000000003,0.7185490727424622
2023-03-19 08:00:00,26971.7,TP,0.02,0.018000000000000002,1.8000000000000003,0.6602251529693604
2023-03-19 09:00:00,27039.9,TP,0.02,0.018000000000000002,1.8000000000000003,0.7163373827934265
2023-03-19 10:00:00,27044.9,TP,0.02,0.018000000000000002,1.8000000000000003,0.7096081376075745
2023-03-19 11:00:00,27152.2,TP,0.02,0.018000000000000002,1.8000000000000003,0.65705806016922
2023-03-19 12:00:00,27232.0,TP,0.02,0.018000000000000002,1.8000000000000003,0.644273579120636
2023-03-19 13:00:00,27166.9,TP,0.02,0.018000000000000002,1.8000000000000003,0.649477481842041
2023-03-22 08:00:00,28071.7,TP,0.02,0.018000000000000002,1.8000000000000003,0.6385191679000854
2023-03-22 10:00:00,28138.8,TP,0.02,0.018000000000000002,1.8000000000000003,0.6579380035400391
2023-03-22 11:00:00,28113.5,TP,0.02,0.018000000000000002,1.8000000000000003,0.7068843841552734
2023-03-22 12:00:00,28207.1,SL,-0.01,-0.012,-1.2,0.74942946434021
2023-03-22 13:00:00,28269.7,SL,-0.01,-0.012,-1.2,0.6697861552238464
2023-03-22 14:00:00,28546.0,SL,-0.01,-0.012,-1.2,0.658362627029419
2023-04-11 02:00:00,30074.5,SL,-0.01,-0.012,-1.2,0.7078902125358582
2023-04-11 03:00:00,30105.8,SL,-0.01,-0.012,-1.2,0.68072110414505
2023-04-11 04:00:00,30099.9,SL,-0.01,-0.012,-1.2,0.6419106721878052
2023-04-11 05:00:00,29871.6,TP,0.02,0.018000000000000002,1.8000000000000003,0.6895990371704102
2023-04-13 05:00:00,30091.2,TP,0.02,0.018000000000000002,1.8000000000000003,0.637033224105835
2023-04-13 06:00:00,30000.3,TP,0.02,0.018000000000000002,1.8000000000000003,0.61784827709198
2023-04-13 07:00:00,30054.1,TP,0.02,0.018000000000000002,1.8000000000000003,0.6163544654846191
2023-04-13 08:00:00,30179.0,TP,0.02,0.018000000000000002,1.8000000000000003,0.6180898547172546
2023-04-13 12:00:00,30259.0,TP,0.02,0.018000000000000002,1.8000000000000003,0.6262248158454895
2023-04-16 19:00:00,30306.0,SL,-0.01,-0.012,-1.2,0.6361491084098816
2023-04-16 21:00:00,30377.3,SL,-0.01,-0.012,-1.2,0.6388545632362366
2023-04-29 08:00:00,29300.0,SL,-0.01,-0.012,-1.2,0.6208505630493164
2023-04-29 11:00:00,29323.4,SL,-0.01,-0.012,-1.2,0.6090831756591797
2023-04-29 13:00:00,29371.9,SL,-0.01,-0.012,-1.2,0.6628140211105347
2023-04-29 14:00:00,29319.1,SL,-0.01,-0.012,-1.2,0.7138968706130981
2023-04-29 15:00:00,29258.1,TP,0.02,0.018000000000000002,1.8000000000000003,0.7253316044807434
2023-04-29 16:00:00,29265.3,TP,0.02,0.018000000000000002,1.8000000000000003,0.6904431581497192
2023-05-23 03:00:00,27354.6,SL,-0.01,-0.012,-1.2,0.658104419708252
2023-05-27 10:00:00,26669.5,TP,0.02,0.018000000000000002,1.8000000000000003,0.6156790852546692
2023-05-29 03:00:00,27947.9,SL,-0.01,-0.012,-1.2,0.6358664035797119
2023-05-29 05:00:00,27983.3,SL,-0.01,-0.012,-1.2,0.6091423034667969
2023-05-30 11:00:00,28005.9,SL,-0.01,-0.012,-1.2,0.6837186217308044
2023-06-19 13:00:00,26520.7,TP,0.02,0.018000000000000002,1.8000000000000003,0.7040922045707703
2023-06-19 14:00:00,26413.6,TP,0.02,0.018000000000000002,1.8000000000000003,0.6563166975975037
2023-06-19 15:00:00,26431.1,TP,0.02,0.018000000000000002,1.8000000000000003,0.6554383635520935
2023-06-21 06:00:00,28846.9,TP,0.02,0.018000000000000002,1.8000000000000003,0.6064608097076416
2023-06-25 02:00:00,30611.8,SL,-0.01,-0.012,-1.2,0.6193116903305054
2023-06-29 08:00:00,30376.4,TP,0.02,0.018000000000000002,1.8000000000000003,0.6267860531806946
2023-06-29 09:00:00,30419.7,TP,0.02,0.018000000000000002,1.8000000000000003,0.6552320122718811
2023-06-30 04:00:00,30868.4,SL,-0.01,-0.012,-1.2,0.6048462390899658
2023-07-01 17:00:00,30562.5,SL,-0.01,-0.012,-1.2,0.6052568554878235
2023-07-01 20:00:00,30577.8,SL,-0.01,-0.012,-1.2,0.6336574554443359
2023-07-01 21:00:00,30574.7,SL,-0.01,-0.012,-1.2,0.6195399165153503
2023-07-02 00:00:00,30567.9,SL,-0.01,-0.012,-1.2,0.6319347023963928
2023-07-02 01:00:00,30559.6,SL,-0.01,-0.012,-1.2,0.6724491119384766
2023-07-02 02:00:00,30535.0,SL,-0.01,-0.012,-1.2,0.7125023603439331
2023-07-02 03:00:00,30505.2,SL,-0.01,-0.012,-1.2,0.6201210021972656
2023-07-02 04:00:00,30525.1,SL,-0.01,-0.012,-1.2,0.6515972018241882
2023-07-02 05:00:00,30473.1,SL,-0.01,-0.012,-1.2,0.6247290372848511
2023-07-02 06:00:00,30475.8,SL,-0.01,-0.012,-1.2,0.6763342022895813
2023-07-02 07:00:00,30504.7,SL,-0.01,-0.012,-1.2,0.6102591753005981
2023-07-02 08:00:00,30477.2,SL,-0.01,-0.012,-1.2,0.6659548282623291
2023-07-03 12:00:00,30648.0,TP,0.02,0.018000000000000002,1.8000000000000003,0.7509433627128601
2023-07-03 13:00:00,30644.0,TP,0.02,0.018000000000000002,1.8000000000000003,0.7436438202857971
2023-07-03 14:00:00,30729.9,TP,0.02,0.018000000000000002,1.8000000000000003,0.6094974279403687
2023-07-16 10:00:00,30273.4,SL,-0.01,-0.012,-1.2,0.6348004937171936
2023-07-16 11:00:00,30293.6,SL,-0.01,-0.012,-1.2,0.6147779226303101
2023-07-30 12:00:00,29307.4,TIME,-0.0043402007684066385,-0.0063402007684066385,-0.6340200768406639,0.6053418517112732
2023-07-31 02:00:00,29448.6,SL,-0.01,-0.012,-1.2,0.6480159759521484
2023-07-31 04:00:00,29388.9,SL,-0.01,-0.012,-1.2,0.6526135206222534
2023-07-31 05:00:00,29367.9,SL,-0.01,-0.012,-1.2,0.6373959183692932
2023-07-31 08:00:00,29384.2,SL,-0.01,-0.012,-1.2,0.6079780459403992
2023-07-31 09:00:00,29376.8,SL,-0.01,-0.012,-1.2,0.6306667923927307
2023-07-31 10:00:00,29378.5,SL,-0.01,-0.012,-1.2,0.6065244674682617
2023-08-04 12:00:00,29208.7,TIME,-0.002540339008583084,-0.004540339008583084,-0.45403390085830836,0.6152839660644531
2023-08-07 02:00:00,29186.5,SL,-0.01,-0.012,-1.2,0.6439463496208191
2023-08-07 03:00:00,29148.9,SL,-0.01,-0.012,-1.2,0.6428890228271484
2023-08-07 04:00:00,29172.3,SL,-0.01,-0.012,-1.2,0.7483200430870056
2023-08-07 05:00:00,29115.5,SL,-0.01,-0.012,-1.2,0.687802255153656
2023-08-07 06:00:00,29041.4,SL,-0.01,-0.012,-1.2,0.6487095355987549
2023-08-07 07:00:00,29084.7,SL,-0.01,-0.012,-1.2,0.7134116888046265
2023-08-07 08:00:00,29050.1,SL,-0.01,-0.012,-1.2,0.6957254409790039
2023-08-07 09:00:00,29081.0,SL,-0.01,-0.012,-1.2,0.759027898311615
2023-08-07 10:00:00,29134.5,SL,-0.01,-0.012,-1.2,0.714911699295044
2023-08-07 12:00:00,29070.2,SL,-0.01,-0.012,-1.2,0.6200546026229858
2023-08-07 19:00:00,29144.9,TP,0.02,0.018000000000000002,1.8000000000000003,0.6049615740776062
2023-08-08 06:00:00,29210.9,TP,0.02,0.018000000000000002,1.8000000000000003,0.683800458908081
2023-08-08 07:00:00,29177.0,TP,0.02,0.018000000000000002,1.8000000000000003,0.6443688869476318
2023-08-28 22:00:00,26046.1,TP,0.02,0.018000000000000002,1.8000000000000003,0.6044225096702576
2023-08-28 23:00:00,26106.5,TP,0.02,0.018000000000000002,1.8000000000000003,0.6345590353012085
2023-08-29 00:00:00,26128.0,TP,0.02,0.018000000000000002,1.8000000000000003,0.748104453086853
2023-08-29 01:00:00,26091.9,TP,0.02,0.018000000000000002,1.8000000000000003,0.643184244632721
2023-08-29 15:00:00,27411.4,TP,0.02,0.018000000000000002,1.8000000000000003,0.6319550275802612
2023-08-29 17:00:00,27880.1,SL,-0.01,-0.012,-1.2,0.6975270509719849
2023-08-29 18:00:00,27960.1,SL,-0.01,-0.012,-1.2,0.6301422119140625
2023-08-29 19:00:00,27820.0,SL,-0.01,-0.012,-1.2,0.7483474016189575
2023-08-29 20:00:00,27560.0,SL,-0.01,-0.012,-1.2,0.7229250073432922
2023-08-29 21:00:00,27651.3,SL,-0.01,-0.012,-1.2,0.6066855192184448
2023-08-30 00:00:00,27611.9,SL,-0.01,-0.012,-1.2,0.6790390014648438
2023-08-30 01:00:00,27542.8,SL,-0.01,-0.012,-1.2,0.6433584690093994
2023-08-30 02:00:00,27388.5,SL,-0.01,-0.012,-1.2,0.7325844764709473
2023-08-30 03:00:00,27379.3,SL,-0.01,-0.012,-1.2,0.6475361585617065
2023-08-31 06:00:00,27244.5,SL,-0.01,-0.012,-1.2,0.6329650282859802
2023-08-31 07:00:00,27249.1,SL,-0.01,-0.012,-1.2,0.7758653163909912
2023-08-31 08:00:00,27225.0,SL,-0.01,-0.012,-1.2,0.7276225686073303
2023-08-31 09:00:00,27186.1,SL,-0.01,-0.012,-1.2,0.7683268785476685
2023-08-31 10:00:00,27190.3,SL,-0.01,-0.012,-1.2,0.7687572836875916
2023-08-31 11:00:00,27291.8,SL,-0.01,-0.012,-1.2,0.6914640665054321
2023-09-10 11:00:00,25782.9,SL,-0.01,-0.012,-1.2,0.6129302978515625
2023-09-11 05:00:00,25884.8,SL,-0.01,-0.012,-1.2,0.6584595441818237
2023-09-12 16:00:00,26094.4,SL,-0.01,-0.012,-1.2,0.6504231691360474
2023-09-18 02:00:00,26648.5,TP,0.02,0.018000000000000002,1.8000000000000003,0.6122112274169922
2023-09-24 15:00:00,26566.0,SL,-0.01,-0.012,-1.2,0.6382397413253784
2023-09-30 23:00:00,26950.9,TP,0.02,0.018000000000000002,1.8000000000000003,0.6258722543716431
2023-10-01 14:00:00,27108.9,TP,0.02,0.018000000000000002,1.8000000000000003,0.7146793007850647
2023-10-01 15:00:00,27135.8,TP,0.02,0.018000000000000002,1.8000000000000003,0.7463337779045105
2023-10-01 16:00:00,27099.9,TP,0.02,0.018000000000000002,1.8000000000000003,0.7591246366500854
2023-10-01 17:00:00,27061.8,TP,0.02,0.018000000000000002,1.8000000000000003,0.663930356502533
2023-10-01 18:00:00,27083.0,TP,0.02,0.018000000000000002,1.8000000000000003,0.7099562287330627
2023-10-01 19:00:00,27091.1,TP,0.02,0.018000000000000002,1.8000000000000003,0.6957223415374756
2023-10-01 20:00:00,27093.6,TP,0.02,0.018000000000000002,1.8000000000000003,0.7477997541427612
2023-10-01 21:00:00,27164.0,TP,0.02,0.018000000000000002,1.8000000000000003,0.7580811381340027
2023-10-02 10:00:00,28294.0,SL,-0.01,-0.012,-1.2,0.6101782321929932
2023-10-02 11:00:00,28183.2,SL,-0.01,-0.012,-1.2,0.7085662484169006
2023-10-11 03:00:00,27000.7,SL,-0.01,-0.012,-1.2,0.6085156798362732
2023-10-16 02:00:00,27176.1,TP,0.02,0.018000000000000002,1.8000000000000003,0.6159759163856506
2023-10-16 15:00:00,28054.0,TP,0.02,0.018000000000000002,1.8000000000000003,0.7042192816734314
2023-10-16 16:00:00,28078.2,TP,0.02,0.018000000000000002,1.8000000000000003,0.6619352698326111
2023-10-16 20:00:00,28390.8,SL,-0.01,-0.012,-1.2,0.6224982738494873
2023-10-16 21:00:00,28411.9,SL,-0.01,-0.012,-1.2,0.622279167175293
2023-10-17 01:00:00,28339.2,SL,-0.01,-0.012,-1.2,0.7213098406791687
2023-10-17 02:00:00,28358.3,SL,-0.01,-0.012,-1.2,0.6546035408973694
2023-10-19 10:00:00,28460.9,TP,0.02,0.018000000000000002,1.8000000000000003,0.641086220741272
2023-10-19 12:00:00,28460.6,TP,0.02,0.018000000000000002,1.8000000000000003,0.6840372085571289
2023-10-19 13:00:00,28463.4,TP,0.02,0.018000000000000002,1.8000000000000003,0.7053772807121277
2023-10-19 14:00:00,28665.6,TP,0.02,0.018000000000000002,1.8000000000000003,0.7126606106758118
2023-10-19 15:00:00,28659.5,TP,0.02,0.018000000000000002,1.8000000000000003,0.622627854347229
2023-10-22 22:00:00,30023.4,TP,0.02,0.018000000000000002,1.8000000000000003,0.6842911839485168
2023-10-22 23:00:00,29981.5,TP,0.02,0.018000000000000002,1.8000000000000003,0.6194596886634827
2023-10-23 01:00:00,30336.6,TP,0.02,0.018000000000000002,1.8000000000000003,0.6296501755714417
2023-10-23 23:00:00,33074.0,TP,0.02,0.018000000000000002,1.8000000000000003,0.6118980050086975
2023-10-26 11:00:00,34104.2,SL,-0.01,-0.012,-1.2,0.6376737952232361
2023-10-26 12:00:00,34250.9,SL,-0.01,-0.012,-1.2,0.606553316116333
2023-10-26 13:00:00,34167.4,SL,-0.01,-0.012,-1.2,0.6652740240097046
2023-10-26 14:00:00,34198.0,SL,-0.01,-0.012,-1.2,0.6358068585395813
2023-10-26 17:00:00,33960.0,SL,-0.01,-0.012,-1.2,0.614446222782135
2023-10-26 21:00:00,34124.7,SL,-0.01,-0.012,-1.2,0.6529926061630249
2023-10-26 23:00:00,34154.0,SL,-0.01,-0.012,-1.2,0.6232238411903381
2023-10-27 05:00:00,34087.2,SL,-0.01,-0.012,-1.2,0.6734592914581299
2023-10-27 06:00:00,34242.4,SL,-0.01,-0.012,-1.2,0.728120744228363
2023-10-27 08:00:00,34092.0,SL,-0.01,-0.012,-1.2,0.6466293931007385
2023-10-27 09:00:00,34165.4,SL,-0.01,-0.012,-1.2,0.6564815044403076
2023-10-27 10:00:00,34080.7,SL,-0.01,-0.012,-1.2,0.7326551675796509
2023-10-27 11:00:00,34055.3,SL,-0.01,-0.012,-1.2,0.7144847512245178
2023-10-27 13:00:00,34167.3,SL,-0.01,-0.012,-1.2,0.6395549774169922
2023-10-28 23:00:00,34086.6,TP,0.02,0.018000000000000002,1.8000000000000003,0.6249497532844543
2023-10-29 01:00:00,34010.5,TP,0.02,0.018000000000000002,1.8000000000000003,0.6216881275177002
2023-10-29 02:00:00,34037.9,TP,0.02,0.018000000000000002,1.8000000000000003,0.7501802444458008
2023-10-29 03:00:00,33981.0,TP,0.02,0.018000000000000002,1.8000000000000003,0.6702172756195068
2023-10-29 04:00:00,34024.5,TP,0.02,0.018000000000000002,1.8000000000000003,0.6656539440155029
2023-10-29 05:00:00,34038.0,TP,0.02,0.018000000000000002,1.8000000000000003,0.7665364146232605
2023-10-29 07:00:00,34086.0,TP,0.02,0.018000000000000002,1.8000000000000003,0.7050161361694336
2023-11-25 20:00:00,37780.0,SL,-0.01,-0.012,-1.2,0.6154704689979553
2023-11-26 06:00:00,37781.9,SL,-0.01,-0.012,-1.2,0.6066691875457764
2023-12-02 11:00:00,38722.8,TP,0.02,0.018000000000000002,1.8000000000000003,0.623003363609314
2023-12-02 18:00:00,38856.2,TP,0.02,0.018000000000000002,1.8000000000000003,0.6225950717926025
2023-12-04 09:00:00,41559.6,SL,-0.01,-0.012,-1.2,0.609739363193512
2023-12-08 05:00:00,43458.6,TP,0.02,0.018000000000000002,1.8000000000000003,0.6277903914451599
2023-12-10 06:00:00,43941.2,SL,-0.01,-0.012,-1.2,0.6813457608222961
2023-12-10 13:00:00,43871.4,SL,-0.01,-0.012,-1.2,0.6577103137969971
2023-12-10 14:00:00,43861.7,SL,-0.01,-0.012,-1.2,0.6273369789123535
2023-12-10 15:00:00,43945.4,SL,-0.01,-0.012,-1.2,0.6577685475349426
2023-12-10 16:00:00,43856.9,SL,-0.01,-0.012,-1.2,0.6446176767349243
2023-12-10 17:00:00,43851.5,SL,-0.01,-0.012,-1.2,0.6160503625869751
2023-12-10 18:00:00,43864.6,SL,-0.01,-0.012,-1.2,0.6335959434509277
2023-12-10 20:00:00,43996.9,SL,-0.01,-0.012,-1.2,0.6446493268013
2023-12-27 10:00:00,43238.1,SL,-0.01,-0.012,-1.2,0.614866316318512
2024-01-02 01:00:00,44926.3,TP,0.02,0.018000000000000002,1.8000000000000003,0.6224253177642822
2024-01-02 04:00:00,45211.7,SL,-0.01,-0.012,-1.2,0.6478001475334167
2024-01-08 19:00:00,47006.7,SL,-0.01,-0.012,-1.2,0.6672013998031616
2024-01-08 20:00:00,46796.1,SL,-0.01,-0.012,-1.2,0.7380647659301758
2024-01-08 21:00:00,47087.2,SL,-0.01,-0.012,-1.2,0.7055702805519104
2024-01-08 22:00:00,47011.2,SL,-0.01,-0.012,-1.2,0.776014506816864
2024-01-08 23:00:00,46972.7,SL,-0.01,-0.012,-1.2,0.6564886569976807
2024-01-09 00:00:00,46682.4,SL,-0.01,-0.012,-1.2,0.6951558589935303
2024-01-28 00:00:00,41976.3,TP,0.02,0.018000000000000002,1.8000000000000003,0.6433669328689575
2024-02-03 17:00:00,43215.9,SL,-0.01,-0.012,-1.2,0.716302752494812
2024-02-03 19:00:00,43046.8,SL,-0.01,-0.012,-1.2,0.7031779885292053
2024-02-03 20:00:00,43047.4,SL,-0.01,-0.012,-1.2,0.699355959892273
2024-02-03 22:00:00,43016.5,SL,-0.01,-0.012,-1.2,0.6556158661842346
2024-02-03 23:00:00,42992.4,SL,-0.01,-0.012,-1.2,0.7440572381019592
2024-02-04 00:00:00,42997.0,SL,-0.01,-0.012,-1.2,0.6754662990570068
2024-02-04 01:00:00,43026.8,SL,-0.01,-0.012,-1.2,0.6418325901031494
2024-02-04 02:00:00,43001.3,SL,-0.01,-0.012,-1.2,0.6305941343307495
2024-02-04 04:00:00,42902.0,SL,-0.01,-0.012,-1.2,0.605482816696167
2024-02-04 06:00:00,42729.7,SL,-0.01,-0.012,-1.2,0.6215095520019531
2024-02-04 17:00:00,42884.3,SL,-0.01,-0.012,-1.2,0.6833239793777466
2024-02-14 15:00:00,51616.4,TP,0.02,0.018000000000000002,1.8000000000000003,0.620242714881897
2024-02-17 04:00:00,52037.6,SL,-0.01,-0.012,-1.2,0.6343815326690674
2024-02-17 06:00:00,51950.0,SL,-0.01,-0.012,-1.2,0.6677440404891968
2024-02-17 07:00:00,51933.9,SL,-0.01,-0.012,-1.2,0.6668503284454346
2024-02-26 20:00:00,54492.9,TP,0.02,0.018000000000000002,1.8000000000000003,0.6569094657897949
2024-02-26 21:00:00,54683.2,TP,0.02,0.018000000000000002,1.8000000000000003,0.6379652619361877
2024-02-26 22:00:00,54704.9,TP,0.02,0.018000000000000002,1.8000000000000003,0.6336716413497925
2024-02-26 23:00:00,54511.6,TP,0.02,0.018000000000000002,1.8000000000000003,0.7349575161933899
2024-02-27 00:00:00,54599.1,TP,0.02,0.018000000000000002,1.8000000000000003,0.6596639752388
2024-02-27 03:00:00,55774.3,TP,0.02,0.018000000000000002,1.8000000000000003,0.661450207233429
2024-02-27 04:00:00,55823.0,TP,0.02,0.018000000000000002,1.8000000000000003,0.6854144334793091
2024-02-27 05:00:00,56131.0,TP,0.02,0.018000000000000002,1.8000000000000003,0.7217227220535278
2024-02-27 07:00:00,56100.0,TP,0.02,0.018000000000000002,1.8000000000000003,0.7033576369285583
2024-02-27 08:00:00,56294.3,TP,0.02,0.018000000000000002,1.8000000000000003,0.6812542676925659
2024-02-27 09:00:00,56660.4,TP,0.02,0.018000000000000002,1.8000000000000003,0.6789060235023499
2024-02-27 10:00:00,56563.5,TP,0.02,0.018000000000000002,1.8000000000000003,0.620216429233551
2024-02-27 11:00:00,56581.4,TP,0.02,0.018000000000000002,1.8000000000000003,0.7540524005889893
2024-02-27 12:00:00,56842.1,SL,-0.01,-0.012,-1.2,0.7037410736083984
2024-02-27 13:00:00,57160.9,SL,-0.01,-0.012,-1.2,0.6075984239578247
2024-03-01 07:00:00,61485.8,TP,0.02,0.018000000000000002,1.8000000000000003,0.7131465077400208
2024-03-01 10:00:00,62055.0,SL,-0.01,-0.012,-1.2,0.6396807432174683
2024-03-01 11:00:00,61927.7,SL,-0.01,-0.012,-1.2,0.7772089838981628
2024-03-01 15:00:00,61335.3,TP,0.02,0.018000000000000002,1.8000000000000003,0.6324653625488281
2024-03-01 16:00:00,61490.0,TP,0.02,0.018000000000000002,1.8000000000000003,0.6058517098426819
2024-03-02 12:00:00,62156.0,SL,-0.01,-0.012,-1.2,0.6457749009132385
2024-03-02 18:00:00,62099.9,SL,-0.01,-0.012,-1.2,0.642493486404419
2024-03-02 19:00:00,62185.3,SL,-0.01,-0.012,-1.2,0.7236533164978027
2024-03-02 21:00:00,61967.3,SL,-0.01,-0.012,-1.2,0.7046654224395752
2024-03-02 23:00:00,62039.9,SL,-0.01,-0.012,-1.2,0.6058284044265747
2024-03-03 01:00:00,61856.9,TP,0.02,0.018000000000000002,1.8000000000000003,0.6158910393714905
2024-03-03 03:00:00,61997.1,SL,-0.01,-0.012,-1.2,0.6182495355606079
2024-03-03 04:00:00,62085.0,SL,-0.01,-0.012,-1.2,0.6528109312057495
2024-03-03 05:00:00,61954.8,TP,0.02,0.018000000000000002,1.8000000000000003,0.7295237183570862
2024-03-03 06:00:00,61927.2,TP,0.02,0.018000000000000002,1.8000000000000003,0.6661900877952576
2024-03-03 07:00:00,61641.0,TP,0.02,0.018000000000000002,1.8000000000000003,0.6209136843681335
2024-03-03 11:00:00,61900.0,TP,0.02,0.018000000000000002,1.8000000000000003,0.7057046890258789
2024-03-03 12:00:00,62244.1,TP,0.02,0.018000000000000002,1.8000000000000003,0.6578809022903442
2024-03-04 05:00:00,63406.1,TP,0.02,0.018000000000000002,1.8000000000000003,0.6665797829627991
2024-03-04 09:00:00,65383.7,SL,-0.01,-0.012,-1.2,0.675023078918457
2024-03-04 10:00:00,65153.9,TP,0.02,0.018000000000000002,1.8000000000000003,0.631366491317749
2024-03-04 11:00:00,65314.0,SL,-0.01,-0.012,-1.2,0.6133496761322021
2024-03-07 21:00:00,67301.7,TP,0.02,0.018000000000000002,1.8000000000000003,0.6305766105651855
2024-03-07 22:00:00,67153.3,TP,0.02,0.018000000000000002,1.8000000000000003,0.7084982395172119
2024-03-07 23:00:00,66870.0,TP,0.02,0.018000000000000002,1.8000000000000003,0.6274322867393494
2024-03-08 00:00:00,67130.8,TP,0.02,0.018000000000000002,1.8000000000000003,0.6184560656547546
2024-03-09 22:00:00,68412.7,TP,0.02,0.018000000000000002,1.8000000000000003,0.6128930449485779
2024-03-10 01:00:00,69029.7,SL,-0.01,-0.012,-1.2,0.620401918888092
2024-03-11 19:00:00,72041.3,SL,-0.01,-0.012,-1.2,0.666247546672821
2024-03-30 18:00:00,69979.8,TP,0.02,0.018000000000000002,1.8000000000000003,0.6408312320709229
2024-03-30 19:00:00,69944.7,TP,0.02,0.018000000000000002,1.8000000000000003,0.7106255888938904
2024-03-30 20:00:00,69859.8,TP,0.02,0.018000000000000002,1.8000000000000003,0.6838003396987915
2024-05-18 19:00:00,66881.7,SL,-0.01,-0.012,-1.2,0.6306887269020081
2024-05-18 21:00:00,66869.8,SL,-0.01,-0.012,-1.2,0.6845479607582092
2024-05-18 22:00:00,66890.0,SL,-0.01,-0.012,-1.2,0.6330674886703491
2024-05-19 00:00:00,66882.9,SL,-0.01,-0.012,-1.2,0.6190075278282166
2024-05-19 05:00:00,67069.5,SL,-0.01,-0.012,-1.2,0.6293153166770935
2024-05-19 06:00:00,66994.1,SL,-0.01,-0.012,-1.2,0.6750883460044861
2024-05-19 07:00:00,67295.0,SL,-0.01,-0.012,-1.2,0.625004768371582
2024-05-21 02:00:00,71307.9,SL,-0.01,-0.012,-1.2,0.6427165865898132
2024-06-07 10:00:00,71404.9,SL,-0.01,-0.012,-1.2,0.6177423596382141
2024-07-27 11:00:00,68184.7,SL,-0.01,-0.012,-1.2,0.615970253944397
2024-08-25 17:00:00,64112.8,SL,-0.01,-0.012,-1.2,0.60924232006073
2024-08-25 22:00:00,64444.8,SL,-0.01,-0.012,-1.2,0.6057461500167847
2024-09-21 14:00:00,63283.1,SL,-0.01,-0.012,-1.2,0.6634185910224915
2024-09-21 18:00:00,63237.4,SL,-0.01,-0.012,-1.2,0.6280515193939209
2024-09-21 21:00:00,63068.7,SL,-0.01,-0.012,-1.2,0.618330180644989
2024-09-21 22:00:00,63195.8,SL,-0.01,-0.012,-1.2,0.6788251399993896
2024-09-21 23:00:00,63320.6,SL,-0.01,-0.012,-1.2,0.6430412530899048
2024-10-13 09:00:00,62799.1,SL,-0.01,-0.012,-1.2,0.6105252504348755
2024-10-13 10:00:00,62669.9,SL,-0.01,-0.012,-1.2,0.640399694442749
2024-10-13 14:00:00,62222.0,TP,0.02,0.018000000000000002,1.8000000000000003,0.6139457821846008
2024-10-14 03:00:00,64281.6,TP,0.02,0.018000000000000002,1.8000000000000003,0.6463478207588196
2024-10-20 22:00:00,69132.4,SL,-0.01,-0.012,-1.2,0.6051564812660217
2024-11-09 09:00:00,76545.2,SL,-0.01,-0.012,-1.2,0.6319685578346252
2024-11-09 10:00:00,76451.4,SL,-0.01,-0.012,-1.2,0.6595956683158875
2024-11-09 11:00:00,76478.6,SL,-0.01,-0.012,-1.2,0.6702374219894409
2024-11-09 14:00:00,76345.1,TP,0.02,0.018000000000000002,1.8000000000000003,0.6933335661888123
2024-11-09 15:00:00,76305.7,TP,0.02,0.018000000000000002,1.8000000000000003,0.7293365597724915
2024-11-09 16:00:00,76065.9,TP,0.02,0.018000000000000002,1.8000000000000003,0.6559313535690308
2024-11-10 04:00:00,79273.7,TP,0.02,0.018000000000000002,1.8000000000000003,0.6070188879966736
2024-11-13 03:00:00,87198.2,SL,-0.01,-0.012,-1.2,0.6557078957557678
2024-11-13 04:00:00,87221.2,SL,-0.01,-0.012,-1.2,0.6117597222328186
2024-11-13 05:00:00,86603.5,TP,0.02,0.018000000000000002,1.8000000000000003,0.770664393901825
2024-11-13 06:00:00,86550.0,TP,0.02,0.018000000000000002,1.8000000000000003,0.6664913296699524
2024-11-13 07:00:00,87402.9,TP,0.02,0.018000000000000002,1.8000000000000003,0.60407555103302
2024-11-16 14:00:00,91031.5,SL,-0.01,-0.012,-1.2,0.6201438903808594
2024-11-16 21:00:00,91061.5,SL,-0.01,-0.012,-1.2,0.6301199197769165
2024-11-17 00:00:00,90874.0,SL,-0.01,-0.012,-1.2,0.643329918384552
2024-11-23 07:00:00,98600.6,SL,-0.01,-0.012,-1.2,0.6297374367713928
2024-11-23 08:00:00,98495.7,SL,-0.01,-0.012,-1.2,0.6442386507987976
2024-11-23 09:00:00,98502.0,SL,-0.01,-0.012,-1.2,0.7771516442298889
2024-11-23 10:00:00,98467.9,SL,-0.01,-0.012,-1.2,0.7762061953544617
2024-11-23 11:00:00,98470.8,SL,-0.01,-0.012,-1.2,0.7539263963699341
2024-11-23 12:00:00,98670.9,SL,-0.01,-0.012,-1.2,0.7151592969894409
2024-11-23 13:00:00,98587.9,SL,-0.01,-0.012,-1.2,0.7614172697067261
2024-11-23 14:00:00,98805.6,SL,-0.01,-0.012,-1.2,0.7803271412849426
2024-11-23 15:00:00,98426.0,SL,-0.01,-0.012,-1.2,0.7450554966926575
2024-11-23 16:00:00,97751.5,SL,-0.01,-0.012,-1.2,0.646015465259552
2024-11-23 17:00:00,97958.9,SL,-0.01,-0.012,-1.2,0.6763797402381897
2024-11-23 18:00:00,97893.3,SL,-0.01,-0.012,-1.2,0.7138969302177429
2024-11-23 21:00:00,98011.7,SL,-0.01,-0.012,-1.2,0.6324487328529358
2024-12-20 09:00:00,94812.0,SL,-0.01,-0.012,-1.2,0.6385905146598816
2024-12-22 04:00:00,96062.1,SL,-0.01,-0.012,-1.2,0.6768762469291687
2025-01-03 14:00:00,96970.4,TP,0.02,0.018000000000000002,1.8000000000000003,0.6111887097358704
2025-01-26 22:00:00,104273.9,SL,-0.01,-0.012,-1.2,0.644439160823822
2025-02-18 01:00:00,96240.0,SL,-0.01,-0.012,-1.2,0.6113060116767883
2025-02-21 08:00:00,98167.0,SL,-0.01,-0.012,-1.2,0.6468076109886169
2025-03-02 18:00:00,92750.4,TP,0.02,0.018000000000000002,1.8000000000000003,0.6198899745941162
2025-03-03 00:00:00,93270.8,SL,-0.01,-0.012,-1.2,0.7148155570030212
2025-03-03 01:00:00,93037.1,SL,-0.01,-0.012,-1.2,0.6201930046081543
2025-03-03 02:00:00,93255.6,SL,-0.01,-0.012,-1.2,0.6181162595748901
2025-04-19 15:00:00,85146.3,SL,-0.01,-0.012,-1.2,0.6393062472343445
2025-04-20 02:00:00,85190.0,SL,-0.01,-0.012,-1.2,0.6113499402999878
2025-04-20 08:00:00,84604.7,TP,0.02,0.018000000000000002,1.8000000000000003,0.7305670976638794
2025-04-21 00:00:00,86600.0,TP,0.02,0.018000000000000002,1.8000000000000003,0.6250967979431152
2025-04-27 09:00:00,94113.3,SL,-0.01,-0.012,-1.2,0.6156083345413208
2025-04-30 11:00:00,95126.5,SL,-0.01,-0.012,-1.2,0.608246922492981
2025-05-23 03:00:00,111044.0,SL,-0.01,-0.012,-1.2,0.6058864593505859
2025-05-23 08:00:00,110890.0,SL,-0.01,-0.012,-1.2,0.6495716571807861
2025-05-23 09:00:00,111282.1,SL,-0.01,-0.012,-1.2,0.7098233699798584
2025-05-23 10:00:00,111012.5,SL,-0.01,-0.012,-1.2,0.7095905542373657
2025-07-10 21:00:00,116459.4,SL,-0.01,-0.012,-1.2,0.6915237903594971
2025-07-12 15:00:00,117075.6,TP,0.02,0.018000000000000002,1.8000000000000003,0.6816978454589844
2025-07-27 17:00:00,119184.4,TIME,-0.0027537160903607946,-0.004753716090360795,-0.4753716090360795,0.6821956038475037
2025-07-27 22:00:00,119486.6,SL,-0.01,-0.012,-1.2,0.6560133099555969
2025-07-27 23:00:00,119423.4,SL,-0.01,-0.012,-1.2,0.6327974200248718
2025-07-28 00:00:00,119228.8,SL,-0.01,-0.012,-1.2,0.6235997676849365
2025-08-10 06:00:00,118032.0,TP,0.02,0.018000000000000002,1.8000000000000003,0.6074026823043823
2025-09-08 15:00:00,112573.6,SL,-0.01,-0.012,-1.2,0.6050648093223572
2025-09-28 22:00:00,111881.5,TP,0.02,0.018000000000000002,1.8000000000000003,0.6514688730239868
2025-09-28 23:00:00,112119.6,TP,0.02,0.018000000000000002,1.8000000000000003,0.6075958609580994
2025-09-29 01:00:00,111800.7,TP,0.02,0.018000000000000002,1.8000000000000003,0.7054569125175476
2025-09-29 02:00:00,111690.8,TP,0.02,0.018000000000000002,1.8000000000000003,0.6828256845474243
2025-09-29 03:00:00,111817.9,TP,0.02,0.018000000000000002,1.8000000000000003,0.7187312245368958
2025-09-29 04:00:00,111752.7,TP,0.02,0.018000000000000002,1.8000000000000003,0.6815438270568848
2025-09-29 14:00:00,113956.7,SL,-0.01,-0.012,-1.2,0.627284824848175
2025-10-01 23:00:00,118552.4,TP,0.02,0.018000000000000002,1.8000000000000003,0.6200701594352722
2025-10-26 10:00:00,112425.2,TP,0.02,0.018000000000000002,1.8000000000000003,0.6049839854240417
2026-01-02 08:00:00,89138.2,TP,0.02,0.018000000000000002,1.8000000000000003,0.6080098748207092
2026-01-02 09:00:00,89429.9,TP,0.02,0.018000000000000002,1.8000000000000003,0.6604022979736328
2026-01-02 10:00:00,89618.5,TP,0.02,0.018000000000000002,1.8000000000000003,0.6164692044258118
2026-04-04 15:00:00,67357.3,SL,-0.01,-0.012,-1.2,0.6384940147399902
2026-04-05 22:00:00,68313.0,TP,0.02,0.018000000000000002,1.8000000000000003,0.6247075796127319
2026-05-10 10:00:00,80836.5,TP,0.02,0.018000000000000002,1.8000000000000003,0.6684779524803162
2026-05-10 15:00:00,81381.4,SL,-0.01,-0.012,-1.2,0.63560950756073
2026-07-19 07:00:00,64692.2,SL,-0.01,-0.012,-1.2,0.6130021214485168
2026-07-19 08:00:00,64678.1,SL,-0.01,-0.012,-1.2,0.7137744426727295
2026-07-26 22:00:00,65384.7,SL,-0.01,-0.012,-1.2,0.6492242217063904
2026-07-26 23:00:00,65375.1,SL,-0.01,-0.012,-1.2,0.6677216291427612
2026-08-09 23:00:00,64867.8,SL,-0.01,-0.012,-1.2,0.6058165431022644
2026-08-20 00:00:00,69389.1,TP,0.02,0.018000000000000002,1.8000000000000003,0.6116093993186951
2026-08-22 08:00:00,77193.5,SL,-0.01,-0.012,-1.2,0.7152403593063354
2026-08-22 09:00:00,77047.5,SL,-0.01,-0.012,-1.2,0.661868691444397
2026-08-22 10:00:00,76975.7,SL,-0.01,-0.012,-1.2,0.665212094783783
2026-08-22 12:00:00,77295.6,SL,-0.01,-0.012,-1.2,0.6595175266265869
2026-08-22 13:00:00,77290.6,SL,-0.01,-0.012,-1.2,0.6903970837593079
2026-08-22 14:00:00,77018.6,SL,-0.01,-0.012,-1.2,0.756386935710907
2026-08-22 15:00:00,76995.6,SL,-0.01,-0.012,-1.2,0.7225780487060547
2026-08-22 20:00:00,77330.3,SL,-0.01,-0.012,-1.2,0.6920807957649231
2026-08-22 21:00:00,76862.8,SL,-0.01,-0.012,-1.2,0.7581228613853455
2026-08-22 22:00:00,77000.8,SL,-0.01,-0.012,-1.2,0.7133142352104187
2026-08-22 23:00:00,77084.5,SL,-0.01,-0.012,-1.2,0.6861361861228943
2026-08-23 00:00:00,77308.0,SL,-0.01,-0.012,-1.2,0.7538039684295654
2026-08-23 01:00:00,77202.1,SL,-0.01,-0.012,-1.2,0.7660841345787048
2026-08-23 02:00:00,77080.6,SL,-0.01,-0.012,-1.2,0.828366219997406
2026-08-23 03:00:00,76941.1,SL,-0.01,-0.012,-1.2,0.8580841422080994
2026-08-23 04:00:00,76610.7,SL,-0.01,-0.012,-1.2,0.6858482956886292
2026-08-23 06:00:00,76110.3,TP,0.02,0.018000000000000002,1.8000000000000003,0.6063046455383301
2026-08-23 08:00:00,76486.5,TP,0.02,0.018000000000000002,1.8000000000000003,0.635331928730011
